{
  "_generated": "Generated by SweetTooth, do not edit", 
  "description": "Working with 3.2 and 3.4. Replace digital clock with analog clock. Currently this doesn't have 'events' or work with extensions such as Events table or GTG tasks, but it has the option to function without disabling the normal clock by modifying the extension.js.", 
  "locale": "/usr/share/locale", 
  "name": "Analog Clock", 
  "original-author": "obneq", 
  "shell-version": [
    "3.2", 
    "3.2.0", 
    "3.2.1",
    "3.4"
  ], 
  "url": "https://github.com/l300lvl/analog-clock-gnome-shell-extension", 
  "uuid": "Analog_Clock@l300lvl.co.nr", 
  "version": 2
}
