{
  "_generated": "Generated by SweetTooth, do not edit", 
  "description": "Working with 3.4-3.6. Replace digital clock with Analog Neon Clock. Updated to work with the original date menu. Todo: Allow keeping original clock, add time to menu.", 
  "locale": "/usr/share/locale", 
  "name": "Analog Neon Clock", 
  "original-author": "obneq", 
  "shell-version": [
    "3.4",
    "3.6"
  ], 
  "url": "https://github.com/l300lvl/analog-clock-gnome-shell-extension", 
  "uuid": "Analog_Clock@l300lvl.co.nr", 
  "version": 5
}
