{
  "_generated": "Generated by SweetTooth, do not edit", 
  "description": "Replace digital clock with Analog Neon Clock for >3.4. Replaces the normal time/date but not the calender. Placement preference now available(except 3.8). Colors can be changed via css, for now I added color notes in the css, a preference to change themes will come soon.\n\nTodo: placement bug, Allow keeping time/date, add time to menu, color/size/thickness prefs/seconds optional. Major credit on the work of this fork goes to https://extensions.gnome.org/accounts/profile/mathematical.coffee Fork based on original work by \"obneq\" https://github.com/obneq/", 
  "locale": "/usr/share/locale", 
  "name": "Analog Neon Clock", 
  "original-author": "obneq, l300lvl", 
  "shell-version": [
    "3.8"
  ], 
  "url": "https://github.com/l300lvl/analog-clock-gnome-shell-extension", 
  "uuid": "Analog_Clock@l300lvl.co.nr", 
  "version": 7
}